Name,Center Latitude,Center Longitude,Coordinate System,Distance from the South Pole (km)
﻿Mons Agnes,18.66,5.33,"Planetographic, +East, -180 - 180",3294.935257088083
﻿Mons Ampere,19.32,-3.71,"Planetographic, +East, -180 - 180",3314.9486683680207
﻿Mons Andre,5.18,120.56,"Planetographic, +East, -180 - 180",2886.1764933705476
﻿Mons Ardeshir,5.03,121.04,"Planetographic, +East, -180 - 180",2881.6279908069255
﻿Mons Argaeus,19.33,29.01,"Planetographic, +East, -180 - 180",3315.251901872263
﻿Mons Bradley,21.73,0.38,"Planetographic, +East, -180 - 180",3388.0279428902213
﻿Mons Delisle,29.42,-35.79,"Planetographic, +East, -180 - 180",3621.2145076519314
﻿Mons Dieter,5.0,120.3,"Planetographic, +East, -180 - 180",2880.718290294201
﻿Mons Dilip,5.58,120.87,"Planetographic, +East, -180 - 180",2898.3058335402075
﻿Mons Esam,14.61,35.71,"Planetographic, +East, -180 - 180",3172.125687870278
﻿Mons Euler,23.3,-29.2,"Planetographic, +East, -180 - 180",3435.6356030561365
﻿Mons Ganau,4.79,120.59,"Planetographic, +East, -180 - 180",2874.3503867051295
﻿Mons Gruithuisen Delta,36.07,-39.59,"Planetographic, +East, -180 - 180",3822.864787972525
﻿Mons Gruithuisen Gamma,36.56,-40.72,"Planetographic, +East, -180 - 180",3837.723229680359
﻿Mons Hadley,26.69,4.12,"Planetographic, +East, -180 - 180",3538.431760994003
﻿Mons Hadley Delta,25.72,3.71,"Planetographic, +East, -180 - 180",3509.0181110825783
﻿Mons Hansteen,-12.19,-50.21,"Planetographic, +East, -180 - 180",2359.459896503071
﻿Mons Heng,42.56,-52.12,"Planetographic, +East, -180 - 180",4019.6633322252555
﻿Mons Herodotus,27.5,-52.94,"Planetographic, +East, -180 - 180",3562.993674837565
﻿Mons Hua,45.71,-52.26,"Planetographic, +East, -180 - 180",4115.181886061327
﻿Mons Huygens,19.92,-2.86,"Planetographic, +East, -180 - 180",3333.1426786225115
﻿Mons La Hire,27.66,-25.51,"Planetographic, +East, -180 - 180",3567.8454109054283
﻿Mons Latreille,18.47,61.92,"Planetographic, +East, -180 - 180",3289.173820507494
﻿Mons Maraldi,20.34,35.5,"Planetographic, +East, -180 - 180",3345.878485800654
﻿Mons Moro,-11.84,-19.84,"Planetographic, +East, -180 - 180",2370.0730691515237
﻿Mons Mouton,-84.6,31.0,"Planetographic, +East, -180 - 180",163.74609229040743
﻿Mons Penck,-10.0,21.74,"Planetographic, +East, -180 - 180",2425.868033931958
﻿Mons Pico,45.82,-8.87,"Planetographic, +East, -180 - 180",4118.5174546079825
﻿Mons Piton,40.72,-0.92,"Planetographic, +East, -180 - 180",3963.8683674448207
﻿Mons Rumker,40.76,-58.38,"Planetographic, +East, -180 - 180",3965.0813014617866
﻿Mons Tai,-44.56,175.83,"Planetographic, +East, -180 - 180",1377.8930432733525
﻿Mons Usov,11.91,63.26,"Planetographic, +East, -180 - 180",3090.2526417250738
﻿Mons Vinogradov,22.35,-32.52,"Planetographic, +East, -180 - 180",3406.8284201531947
﻿Mons Vitruvius,19.33,30.74,"Planetographic, +East, -180 - 180",3315.251901872263
﻿Mons Wolff,16.88,-6.8,"Planetographic, +East, -180 - 180",3240.9596933330963
﻿Mont Blanc,45.41,0.44,"Planetographic, +East, -180 - 180",4106.084880934082
﻿Montes Agricola,29.06,-54.07,"Planetographic, +East, -180 - 180",3610.2981014992383
﻿Montes Alpes,48.36,-0.58,"Planetographic, +East, -180 - 180",4195.538764685322
﻿Montes Apenninus,19.87,0.03,"Planetographic, +East, -180 - 180",3331.626511101303
﻿Montes Archimedes,25.39,-5.25,"Planetographic, +East, -180 - 180",3499.0114054426085
﻿Montes Carpatus,14.57,-23.62,"Planetographic, +East, -180 - 180",3170.9127538533116
﻿Montes Caucasus,37.52,9.93,"Planetographic, +East, -180 - 180",3866.833646087542
﻿Montes Cordillera,-19.44,-94.93,"Planetographic, +East, -180 - 180",2139.615605927988
﻿Montes Haemus,17.11,12.03,"Planetographic, +East, -180 - 180",3247.934063930651
﻿Montes Harbinger,26.89,-41.29,"Planetographic, +East, -180 - 180",3544.496431078833
﻿Montes Jura,47.49,-36.11,"Planetographic, +East, -180 - 180",4169.157449816313
﻿Montes Pyrenaeus,-14.05,41.51,"Planetographic, +East, -180 - 180",2303.0584647141527
﻿Montes Recti,48.3,-19.72,"Planetographic, +East, -180 - 180",4193.719363659873
﻿Montes Riphaeus,-7.48,-27.6,"Planetographic, +East, -180 - 180",2502.282877000815
﻿Montes Rook,-19.49,-94.95,"Planetographic, +East, -180 - 180",2138.09943840678
﻿Montes Secchi,2.72,43.17,"Planetographic, +East, -180 - 180",2811.5810513271404
﻿Montes Spitzbergen,34.47,-5.21,"Planetographic, +East, -180 - 180",3774.347427293886
﻿Montes Taurus,27.32,40.34,"Planetographic, +East, -180 - 180",3557.5354717612177
﻿Montes Teneriffe,47.89,-13.19,"Planetographic, +East, -180 - 180",4181.286789985973
